date,actual,year,month
1950-01-01,20.928131,1950,1
1950-02-01,21.3013,1950,2
1950-03-01,23.636658,1950,3
1950-04-01,29.049164,1950,4
1950-05-01,30.277191,1950,5
1950-06-01,29.554596,1950,6
1950-07-01,27.261078,1950,7
1950-08-01,27.04068,1950,8
1950-09-01,27.353912,1950,9
1950-10-01,25.353851,1950,10
1950-11-01,23.13272,1950,11
1950-12-01,20.128021,1950,12
1951-01-01,18.583038,1951,1
1951-02-01,21.269745,1951,2
1951-03-01,25.43631,1951,3
1951-04-01,27.88031,1951,4
1951-05-01,29.322784,1951,5
1951-06-01,28.263702,1951,6
1951-07-01,27.731964,1951,7
1951-08-01,27.899536,1951,8
1951-09-01,27.841248,1951,9
1951-10-01,26.547882,1951,10
1951-11-01,22.93222,1951,11
1951-12-01,19.863708,1951,12
1952-01-01,20.076874,1952,1
1952-02-01,23.269806,1952,2
1952-03-01,23.63974,1952,3
1952-04-01,27.266083,1952,4
1952-05-01,28.058594,1952,5
1952-06-01,29.271759,1952,6
1952-07-01,27.805115,1952,7
1952-08-01,27.659271,1952,8
1952-09-01,27.00058,1952,9
1952-10-01,25.535614,1952,10
1952-11-01,22.029572,1952,11
1952-12-01,19.16507,1952,12
1953-01-01,17.322723,1953,1
1953-02-01,20.777374,1953,2
1953-03-01,25.347015,1953,3
1953-04-01,26.407318,1953,4
1953-05-01,27.899994,1953,5
1953-06-01,29.05783,1953,6
1953-07-01,27.791168,1953,7
1953-08-01,27.852386,1953,8
1953-09-01,26.999207,1953,9
1953-10-01,25.758331,1953,10
1953-11-01,21.394012,1953,11
1953-12-01,21.174042,1953,12
1954-01-01,19.200775,1954,1
1954-02-01,25.180359,1954,2
1954-03-01,28.068085,1954,3
1954-04-01,31.815765,1954,4
1954-05-01,30.723694,1954,5
1954-06-01,28.912323,1954,6
1954-07-01,28.540497,1954,7
1954-08-01,28.345978,1954,8
1954-09-01,27.576172,1954,9
1954-10-01,25.431915,1954,10
1954-11-01,21.23117,1954,11
1954-12-01,19.783722,1954,12
1955-01-01,19.753387,1955,1
1955-02-01,23.233246,1955,2
1955-03-01,29.073395,1955,3
1955-04-01,30.254883,1955,4
1955-05-01,31.475494,1955,5
1955-06-01,29.81311,1955,6
1955-07-01,28.20813,1955,7
1955-08-01,27.664062,1955,8
1955-09-01,27.604248,1955,9
1955-10-01,26.293152,1955,10
1955-11-01,22.092743,1955,11
1955-12-01,19.0018,1955,12
1956-01-01,20.58548,1956,1
1956-02-01,21.351349,1956,2
1956-03-01,28.480438,1956,3
1956-04-01,31.452545,1956,4
1956-05-01,30.383759,1956,5
1956-06-01,28.036743,1956,6
1956-07-01,27.633392,1956,7
1956-08-01,27.7005,1956,8
1956-09-01,27.47937,1956,9
1956-10-01,26.073273,1956,10
1956-11-01,21.900513,1956,11
1956-12-01,19.935883,1956,12
1957-01-01,20.72287,1957,1
1957-02-01,22.063385,1957,2
1957-03-01,27.339203,1957,3
1957-04-01,31.522003,1957,4
1957-05-01,32.87268,1957,5
1957-06-01,30.871735,1957,6
1957-07-01,28.443329,1957,7
1957-08-01,28.574799,1957,8
1957-09-01,28.353241,1957,9
1957-10-01,26.90329,1957,10
1957-11-01,22.94339,1957,11
1957-12-01,20.336365,1957,12
1958-01-01,21.09842,1958,1
1958-02-01,23.154999,1958,2
1958-03-01,28.001923,1958,3
1958-04-01,31.163727,1958,4
1958-05-01,31.93808,1958,5
1958-06-01,31.526215,1958,6
1958-07-01,28.591522,1958,7
1958-08-01,28.348236,1958,8
1958-09-01,27.908966,1958,9
1958-10-01,27.132843,1958,10
1958-11-01,23.466705,1958,11
1958-12-01,20.57373,1958,12
1959-01-01,19.82779,1959,1
1959-02-01,22.011261,1959,2
1959-03-01,27.6221,1959,3
1959-04-01,30.850403,1959,4
1959-05-01,30.79898,1959,5
1959-06-01,29.436432,1959,6
1959-07-01,28.309448,1959,7
1959-08-01,28.092194,1959,8
1959-09-01,27.07492,1959,9
1959-10-01,26.187897,1959,10
1959-11-01,22.216064,1959,11
1959-12-01,19.140228,1959,12
1960-01-01,18.912537,1960,1
1960-02-01,23.371613,1960,2
1960-03-01,25.790436,1960,3
1960-04-01,31.20578,1960,4
1960-05-01,30.579407,1960,5
1960-06-01,29.730042,1960,6
1960-07-01,28.024261,1960,7
1960-08-01,28.35669,1960,8
1960-09-01,27.936493,1960,9
1960-10-01,26.566345,1960,10
1960-11-01,21.995178,1960,11
1960-12-01,19.721344,1960,12
1961-01-01,19.219177,1961,1
1961-02-01,19.950775,1961,2
1961-03-01,28.157654,1961,3
1961-04-01,30.61325,1961,4
1961-05-01,31.377594,1961,5
1961-06-01,29.150116,1961,6
1961-07-01,28.269714,1961,7
1961-08-01,28.289337,1961,8
1961-09-01,27.854126,1961,9
1961-10-01,26.315277,1961,10
1961-11-01,21.614166,1961,11
1961-12-01,16.966461,1961,12
1962-01-01,17.502533,1962,1
1962-02-01,21.888031,1962,2
1962-03-01,26.79367,1962,3
1962-04-01,29.126984,1962,4
1962-05-01,30.306366,1962,5
1962-06-01,28.962128,1962,6
1962-07-01,28.72293,1962,7
1962-08-01,28.210144,1962,8
1962-09-01,28.223938,1962,9
1962-10-01,26.071259,1962,10
1962-11-01,22.285065,1962,11
1962-12-01,19.29834,1962,12
1963-01-01,18.258514,1963,1
1963-02-01,24.148926,1963,2
1963-03-01,27.489838,1963,3
1963-04-01,29.72528,1963,4
1963-05-01,29.654327,1963,5
1963-06-01,28.849396,1963,6
1963-07-01,28.213104,1963,7
1963-08-01,28.230133,1963,8
1963-09-01,28.01001,1963,9
1963-10-01,26.549316,1963,10
1963-11-01,23.413849,1963,11
1963-12-01,20.086243,1963,12
1964-01-01,20.68222,1964,1
1964-02-01,23.880707,1964,2
1964-03-01,28.913116,1964,3
1964-04-01,30.096558,1964,4
1964-05-01,30.152496,1964,5
1964-06-01,30.474213,1964,6
1964-07-01,27.475677,1964,7
1964-08-01,27.89618,1964,8
1964-09-01,27.361176,1964,9
1964-10-01,26.148468,1964,10
1964-11-01,22.31073,1964,11
1964-12-01,20.652191,1964,12
1965-01-01,20.675232,1965,1
1965-02-01,22.511688,1965,2
1965-03-01,26.288727,1965,3
1965-04-01,30.388855,1965,4
1965-05-01,31.592102,1965,5
1965-06-01,31.243439,1965,6
1965-07-01,27.788513,1965,7
1965-08-01,27.226898,1965,8
1965-09-01,27.219818,1965,9
1965-10-01,25.963562,1965,10
1965-11-01,23.073395,1965,11
1965-12-01,19.539124,1965,12
1966-01-01,19.260986,1966,1
1966-02-01,24.02182,1966,2
1966-03-01,27.930573,1966,3
1966-04-01,31.600494,1966,4
1966-05-01,32.76175,1966,5
1966-06-01,28.73227,1966,6
1966-07-01,28.428009,1966,7
1966-08-01,27.911438,1966,8
1966-09-01,27.16034,1966,9
1966-10-01,25.7128,1966,10
1966-11-01,24.04123,1966,11
1966-12-01,18.039032,1966,12
1967-01-01,18.652527,1967,1
1967-02-01,23.029694,1967,2
1967-03-01,25.292114,1967,3
1967-04-01,28.80127,1967,4
1967-05-01,30.319366,1967,5
1967-06-01,30.12851,1967,6
1967-07-01,28.408478,1967,7
1967-08-01,27.962952,1967,8
1967-09-01,27.826202,1967,9
1967-10-01,26.492584,1967,10
1967-11-01,22.521942,1967,11
1967-12-01,21.39972,1967,12
1968-01-01,19.21762,1968,1
1968-02-01,21.944122,1968,2
1968-03-01,27.494171,1968,3
1968-04-01,29.679688,1968,4
1968-05-01,31.182587,1968,5
1968-06-01,27.953735,1968,6
1968-07-01,28.315582,1968,7
1968-08-01,28.331573,1968,8
1968-09-01,28.823212,1968,9
1968-10-01,26.091888,1968,10
1968-11-01,22.442993,1968,11
1968-12-01,18.514221,1968,12
1969-01-01,18.505157,1969,1
1969-02-01,23.328766,1969,2
1969-03-01,28.191254,1969,3
1969-04-01,29.579346,1969,4
1969-05-01,29.476044,1969,5
1969-06-01,29.871796,1969,6
1969-07-01,28.443146,1969,7
1969-08-01,28.003113,1969,8
1969-09-01,27.90744,1969,9
1969-10-01,26.79245,1969,10
1969-11-01,23.621368,1969,11
1969-12-01,19.176483,1969,12
1970-01-01,19.405426,1970,1
1970-02-01,22.983856,1970,2
1970-03-01,26.85434,1970,3
1970-04-01,30.086304,1970,4
1970-05-01,30.73227,1970,5
1970-06-01,28.956696,1970,6
1970-07-01,28.698181,1970,7
1970-08-01,28.262787,1970,8
1970-09-01,27.871521,1970,9
1970-10-01,26.611603,1970,10
1970-11-01,22.101654,1970,11
1970-12-01,18.63388,1970,12
1971-01-01,19.473541,1971,1
1971-02-01,21.621002,1971,2
1971-03-01,26.267548,1971,3
1971-04-01,27.073792,1971,4
1971-05-01,28.723389,1971,5
1971-06-01,28.423462,1971,6
1971-07-01,27.832916,1971,7
1971-08-01,27.283905,1971,8
1971-09-01,28.173737,1971,9
1971-10-01,26.574036,1971,10
1971-11-01,22.283722,1971,11
1971-12-01,19.768402,1971,12
1972-01-01,18.973938,1972,1
1972-02-01,19.916077,1972,2
1972-03-01,28.132294,1972,3
1972-04-01,30.83081,1972,4
1972-05-01,31.881195,1972,5
1972-06-01,30.798492,1972,6
1972-07-01,29.081024,1972,7
1972-08-01,27.681427,1972,8
1972-09-01,28.258087,1972,9
1972-10-01,27.189514,1972,10
1972-11-01,24.520721,1972,11
1972-12-01,21.823303,1972,12
1973-01-01,21.309113,1973,1
1973-02-01,24.376099,1973,2
1973-03-01,26.107819,1973,3
1973-04-01,31.496918,1973,4
1973-05-01,30.310516,1973,5
1973-06-01,30.008148,1973,6
1973-07-01,28.611542,1973,7
1973-08-01,27.952637,1973,8
1973-09-01,27.702362,1973,9
1973-10-01,26.545746,1973,10
1973-11-01,22.786774,1973,11
1973-12-01,18.280243,1973,12
1974-01-01,18.69345,1974,1
1974-02-01,21.770538,1974,2
1974-03-01,26.526886,1974,3
1974-04-01,29.633698,1974,4
1974-05-01,30.22998,1974,5
1974-06-01,30.327057,1974,6
1974-07-01,27.969635,1974,7
1974-08-01,28.523926,1974,8
1974-09-01,27.826843,1974,9
1974-10-01,27.04187,1974,10
1974-11-01,23.434052,1974,11
1974-12-01,18.499725,1974,12
1975-01-01,18.490753,1975,1
1975-02-01,22.12082,1975,2
1975-03-01,27.235992,1975,3
1975-04-01,30.518158,1975,4
1975-05-01,31.62436,1975,5
1975-06-01,30.060242,1975,6
1975-07-01,27.84488,1975,7
1975-08-01,27.92865,1975,8
1975-09-01,27.331146,1975,9
1975-10-01,27.287811,1975,10
1975-11-01,21.58847,1975,11
1975-12-01,18.270844,1975,12
1976-01-01,19.047028,1976,1
1976-02-01,22.821808,1976,2
1976-03-01,27.878662,1976,3
1976-04-01,29.96872,1976,4
1976-05-01,29.875214,1976,5
1976-06-01,29.928253,1976,6
1976-07-01,28.342438,1976,7
1976-08-01,27.975677,1976,8
1976-09-01,27.891022,1976,9
1976-10-01,27.464874,1976,10
1976-11-01,25.444916,1976,11
1976-12-01,20.079712,1976,12
1977-01-01,18.948883,1977,1
1977-02-01,22.413422,1977,2
1977-03-01,28.1409,1977,3
1977-04-01,28.958557,1977,4
1977-05-01,28.821228,1977,5
1977-06-01,28.981506,1977,6
1977-07-01,28.330597,1977,7
1977-08-01,28.348053,1977,8
1977-09-01,28.50296,1977,9
1977-10-01,26.936127,1977,10
1977-11-01,24.660614,1977,11
1977-12-01,19.505249,1977,12
1978-01-01,18.087738,1978,1
1978-02-01,21.832611,1978,2
1978-03-01,25.69403,1978,3
1978-04-01,29.130615,1978,4
1978-05-01,30.573883,1978,5
1978-06-01,29.850983,1978,6
1978-07-01,28.348022,1978,7
1978-08-01,28.366669,1978,8
1978-09-01,27.788513,1978,9
1978-10-01,26.720306,1978,10
1978-11-01,24.689636,1978,11
1978-12-01,19.415619,1978,12
1979-01-01,20.250763,1979,1
1979-02-01,20.794159,1979,2
1979-03-01,27.140656,1979,3
1979-04-01,29.783356,1979,4
1979-05-01,31.954926,1979,5
1979-06-01,30.321442,1979,6
1979-07-01,29.230316,1979,7
1979-08-01,28.818878,1979,8
1979-09-01,28.358704,1979,9
1979-10-01,27.536652,1979,10
1979-11-01,25.911346,1979,11
1979-12-01,20.436798,1979,12
1980-01-01,19.480164,1980,1
1980-02-01,22.453094,1980,2
1980-03-01,26.738892,1980,3
1980-04-01,30.766266,1980,4
1980-05-01,31.09549,1980,5
1980-06-01,28.764374,1980,6
1980-07-01,28.475555,1980,7
1980-08-01,28.582184,1980,8
1980-09-01,28.391815,1980,9
1980-10-01,26.645416,1980,10
1980-11-01,23.102386,1980,11
1980-12-01,20.231903,1980,12
1981-01-01,19.07074,1981,1
1981-02-01,21.718475,1981,2
1981-03-01,25.024231,1981,3
1981-04-01,27.705475,1981,4
1981-05-01,28.269806,1981,5
1981-06-01,29.056305,1981,6
1981-07-01,28.122437,1981,7
1981-08-01,28.662872,1981,8
1981-09-01,28.21463,1981,9
1981-10-01,27.08609,1981,10
1981-11-01,22.805145,1981,11
1981-12-01,18.776093,1981,12
1982-01-01,20.207916,1982,1
1982-02-01,21.77481,1982,2
1982-03-01,25.054596,1982,3
1982-04-01,28.957184,1982,4
1982-05-01,31.022491,1982,5
1982-06-01,29.359528,1982,6
1982-07-01,29.429993,1982,7
1982-08-01,28.174011,1982,8
1982-09-01,28.847687,1982,9
1982-10-01,27.651367,1982,10
1982-11-01,23.328522,1982,11
1982-12-01,19.546356,1982,12
1983-01-01,19.184296,1983,1
1983-02-01,21.296173,1983,2
1983-03-01,26.970001,1983,3
1983-04-01,29.494232,1983,4
1983-05-01,29.967804,1983,5
1983-06-01,30.543945,1983,6
1983-07-01,29.142975,1983,7
1983-08-01,28.398987,1983,8
1983-09-01,28.299194,1983,9
1983-10-01,26.745453,1983,10
1983-11-01,23.691162,1983,11
1983-12-01,18.976044,1983,12
1984-01-01,18.990082,1984,1
1984-02-01,21.147797,1984,2
1984-03-01,27.059692,1984,3
1984-04-01,29.689728,1984,4
1984-05-01,30.318085,1984,5
1984-06-01,28.214539,1984,6
1984-07-01,28.240448,1984,7
1984-08-01,28.242401,1984,8
1984-09-01,28.155304,1984,9
1984-10-01,27.412018,1984,10
1984-11-01,22.56488,1984,11
1984-12-01,19.71753,1984,12
1985-01-01,20.169525,1985,1
1985-02-01,22.098175,1985,2
1985-03-01,28.348602,1985,3
1985-04-01,30.425262,1985,4
1985-05-01,29.255432,1985,5
1985-06-01,29.344574,1985,6
1985-07-01,27.893616,1985,7
1985-08-01,28.470154,1985,8
1985-09-01,27.842377,1985,9
1985-10-01,26.514435,1985,10
1985-11-01,23.073761,1985,11
1985-12-01,20.56009,1985,12
1986-01-01,18.89508,1986,1
1986-02-01,22.590546,1986,2
1986-03-01,27.659729,1986,3
1986-04-01,29.798737,1986,4
1986-05-01,29.660767,1986,5
1986-06-01,29.994171,1986,6
1986-07-01,28.442413,1986,7
1986-08-01,29.00888,1986,8
1986-09-01,27.783417,1986,9
1986-10-01,26.160248,1986,10
1986-11-01,23.788177,1986,11
1986-12-01,20.386261,1986,12
1987-01-01,18.830658,1987,1
1987-02-01,22.69043,1987,2
1987-03-01,26.878113,1987,3
1987-04-01,29.305298,1987,4
1987-05-01,30.21817,1987,5
1987-06-01,30.732117,1987,6
1987-07-01,28.579926,1987,7
1987-08-01,28.772919,1987,8
1987-09-01,28.832245,1987,9
1987-10-01,27.51236,1987,10
1987-11-01,23.747833,1987,11
1987-12-01,20.049103,1987,12
1988-01-01,19.19989,1988,1
1988-02-01,22.570831,1988,2
1988-03-01,26.745087,1988,3
1988-04-01,29.74588,1988,4
1988-05-01,30.133179,1988,5
1988-06-01,28.791168,1988,6
1988-07-01,28.715942,1988,7
1988-08-01,28.562958,1988,8
1988-09-01,28.60968,1988,9
1988-10-01,27.192322,1988,10
1988-11-01,24.052948,1988,11
1988-12-01,20.399445,1988,12
1989-01-01,17.70462,1989,1
1989-02-01,22.414124,1989,2
1989-03-01,26.554657,1989,3
1989-04-01,30.365631,1989,4
1989-05-01,30.330994,1989,5
1989-06-01,29.145966,1989,6
1989-07-01,28.49942,1989,7
1989-08-01,28.37973,1989,8
1989-09-01,28.089874,1989,9
1989-10-01,27.081451,1989,10
1989-11-01,23.323334,1989,11
1989-12-01,19.40918,1989,12
1990-01-01,19.402802,1990,1
1990-02-01,22.798737,1990,2
1990-03-01,24.276947,1990,3
1990-04-01,28.242828,1990,4
1990-05-01,29.359009,1990,5
1990-06-01,29.163239,1990,6
1990-07-01,28.061096,1990,7
1990-08-01,28.7305,1990,8
1990-09-01,28.064178,1990,9
1990-10-01,26.007782,1990,10
1990-11-01,23.861053,1990,11
1990-12-01,19.70639,1990,12
1991-01-01,18.425568,1991,1
1991-02-01,23.794098,1991,2
1991-03-01,27.743927,1991,3
1991-04-01,29.797638,1991,4
1991-05-01,30.664581,1991,5
1991-06-01,29.390594,1991,6
1991-07-01,28.888031,1991,7
1991-08-01,28.676788,1991,8
1991-09-01,28.421356,1991,9
1991-10-01,26.771942,1991,10
1991-11-01,22.509918,1991,11
1991-12-01,19.206451,1991,12
1992-01-01,18.376862,1992,1
1992-02-01,21.243378,1992,2
1992-03-01,27.39505,1992,3
1992-04-01,30.527618,1992,4
1992-05-01,29.082855,1992,5
1992-06-01,29.525269,1992,6
1992-07-01,28.531708,1992,7
1992-08-01,28.4404,1992,8
1992-09-01,28.17627,1992,9
1992-10-01,26.884186,1992,10
1992-11-01,23.598236,1992,11
1992-12-01,18.9086,1992,12
1993-01-01,18.82315,1993,1
1993-02-01,22.887787,1993,2
1993-03-01,25.732025,1993,3
1993-04-01,29.023193,1993,4
1993-05-01,29.877777,1993,5
1993-06-01,29.215118,1993,6
1993-07-01,29.03244,1993,7
1993-08-01,28.292786,1993,8
1993-09-01,27.69577,1993,9
1993-10-01,27.194,1993,10
1993-11-01,23.446991,1993,11
1993-12-01,19.739807,1993,12
1994-01-01,19.611603,1994,1
1994-02-01,21.442535,1994,2
1994-03-01,27.903412,1994,3
1994-04-01,29.247833,1994,4
1994-05-01,30.408234,1994,5
1994-06-01,28.952637,1994,6
1994-07-01,28.586426,1994,7
1994-08-01,28.47055,1994,8
1994-09-01,28.364044,1994,9
1994-10-01,27.075104,1994,10
1994-11-01,23.71408,1994,11
1994-12-01,19.399048,1994,12
1995-01-01,18.036407,1995,1
1995-02-01,22.090118,1995,2
1995-03-01,26.878418,1995,3
1995-04-01,31.180573,1995,4
1995-05-01,30.44394,1995,5
1995-06-01,29.458832,1995,6
1995-07-01,28.60318,1995,7
1995-08-01,28.66861,1995,8
1995-09-01,28.131989,1995,9
1995-10-01,26.936981,1995,10
1995-11-01,23.142029,1995,11
1995-12-01,19.578339,1995,12
1996-01-01,19.516876,1996,1
1996-02-01,22.209198,1996,2
1996-03-01,28.092926,1996,3
1996-04-01,29.43573,1996,4
1996-05-01,30.965973,1996,5
1996-06-01,29.064392,1996,6
1996-07-01,29.034637,1996,7
1996-08-01,27.956879,1996,8
1996-09-01,28.937958,1996,9
1996-10-01,26.74466,1996,10
1996-11-01,22.972809,1996,11
1996-12-01,18.93045,1996,12
1997-01-01,17.916718,1997,1
1997-02-01,21.30832,1997,2
1997-03-01,26.971954,1997,3
1997-04-01,26.491882,1997,4
1997-05-01,30.182404,1997,5
1997-06-01,30.138702,1997,6
1997-07-01,28.76181,1997,7
1997-08-01,28.574219,1997,8
1997-09-01,28.2182,1997,9
1997-10-01,26.887054,1997,10
1997-11-01,24.670929,1997,11
1997-12-01,19.069733,1997,12
1998-01-01,17.597778,1998,1
1998-02-01,22.202606,1998,2
1998-03-01,24.65091,1998,3
1998-04-01,28.507904,1998,4
1998-05-01,30.274567,1998,5
1998-06-01,30.988556,1998,6
1998-07-01,29.213104,1998,7
1998-08-01,28.883392,1998,8
1998-09-01,28.399506,1998,9
1998-10-01,28.048798,1998,10
1998-11-01,24.822601,1998,11
1998-12-01,19.703735,1998,12
1999-01-01,18.327698,1999,1
1999-02-01,23.260773,1999,2
1999-03-01,27.840668,1999,3
1999-04-01,30.501465,1999,4
1999-05-01,29.448029,1999,5
1999-06-01,29.245026,1999,6
1999-07-01,28.670746,1999,7
1999-08-01,28.424835,1999,8
1999-09-01,27.76239,1999,9
1999-10-01,27.199615,1999,10
1999-11-01,23.478119,1999,11
1999-12-01,20.492249,1999,12
2000-01-01,19.188019,2000,1
2000-02-01,21.067566,2000,2
2000-03-01,26.907074,2000,3
2000-04-01,29.519562,2000,4
2000-05-01,30.049103,2000,5
2000-06-01,29.338165,2000,6
2000-07-01,28.656097,2000,7
2000-08-01,28.954102,2000,8
2000-09-01,28.138458,2000,9
2000-10-01,27.451874,2000,10
2000-11-01,23.980011,2000,11
2000-12-01,19.033112,2000,12
2001-01-01,17.411957,2001,1
2001-02-01,22.32544,2001,2
2001-03-01,26.44989,2001,3
2001-04-01,29.607544,2001,4
2001-05-01,29.69168,2001,5
2001-06-01,28.182037,2001,6
2001-07-01,28.494232,2001,7
2001-08-01,28.84555,2001,8
2001-09-01,28.624176,2001,9
2001-10-01,27.269012,2001,10
2001-11-01,24.446747,2001,11
2001-12-01,19.297028,2001,12
2002-01-01,19.604889,2002,1
2002-02-01,22.263092,2002,2
2002-03-01,27.184784,2002,3
2002-04-01,29.139679,2002,4
2002-05-01,30.812286,2002,5
2002-06-01,29.354889,2002,6
2002-07-01,29.965149,2002,7
2002-08-01,28.490875,2002,8
2002-09-01,28.10846,2002,9
2002-10-01,27.066376,2002,10
2002-11-01,23.330566,2002,11
2002-12-01,19.898773,2002,12
2003-01-01,16.800842,2003,1
2003-02-01,23.008057,2003,2
2003-03-01,25.684021,2003,3
2003-04-01,30.019379,2003,4
2003-05-01,31.69394,2003,5
2003-06-01,30.07962,2003,6
2003-07-01,29.014038,2003,7
2003-08-01,29.060211,2003,8
2003-09-01,28.530487,2003,9
2003-10-01,27.224304,2003,10
2003-11-01,23.335785,2003,11
2003-12-01,19.41684,2003,12
2004-01-01,18.467377,2004,1
2004-02-01,22.162476,2004,2
2004-03-01,27.531555,2004,3
2004-04-01,29.710785,2004,4
2004-05-01,31.943207,2004,5
2004-06-01,29.714142,2004,6
2004-07-01,28.9628,2004,7
2004-08-01,28.640106,2004,8
2004-09-01,27.920807,2004,9
2004-10-01,26.596008,2004,10
2004-11-01,23.38736,2004,11
2004-12-01,20.936005,2004,12
2005-01-01,19.172455,2005,1
2005-02-01,23.749603,2005,2
2005-03-01,27.330414,2005,3
2005-04-01,29.732758,2005,4
2005-05-01,30.82721,2005,5
2005-06-01,31.736267,2005,6
2005-07-01,28.628967,2005,7
2005-08-01,29.187286,2005,8
2005-09-01,28.723969,2005,9
2005-10-01,26.837341,2005,10
2005-11-01,22.598663,2005,11
2005-12-01,19.76886,2005,12
2006-01-01,18.945984,2006,1
2006-02-01,24.756622,2006,2
2006-03-01,27.432953,2006,3
2006-04-01,29.833954,2006,4
2006-05-01,29.580475,2006,5
2006-06-01,29.585968,2006,6
2006-07-01,28.964203,2006,7
2006-08-01,28.397705,2006,8
2006-09-01,28.430725,2006,9
2006-10-01,27.669586,2006,10
2006-11-01,24.112793,2006,11
2006-12-01,20.269775,2006,12
2007-01-01,18.545624,2007,1
2007-02-01,22.170807,2007,2
2007-03-01,25.83078,2007,3
2007-04-01,29.46701,2007,4
2007-05-01,30.812439,2007,5
2007-06-01,30.170807,2007,6
2007-07-01,28.801971,2007,7
2007-08-01,28.944489,2007,8
2007-09-01,28.39389,2007,9
2007-10-01,27.200104,2007,10
2007-11-01,23.624634,2007,11
2007-12-01,19.323273,2007,12
2008-01-01,19.126495,2008,1
2008-02-01,20.532837,2008,2
2008-03-01,27.29242,2008,3
2008-04-01,29.405212,2008,4
2008-05-01,30.469513,2008,5
2008-06-01,28.760529,2008,6
2008-07-01,28.521393,2008,7
2008-08-01,28.709229,2008,8
2008-09-01,28.30606,2008,9
2008-10-01,27.039398,2008,10
2008-11-01,23.700165,2008,11
2008-12-01,20.883087,2008,12
2009-01-01,20.661469,2009,1
2009-02-01,23.607025,2009,2
2009-03-01,27.545502,2009,3
2009-04-01,31.330658,2009,4
2009-05-01,30.071106,2009,5
2009-06-01,31.314514,2009,6
2009-07-01,28.96939,2009,7
2009-08-01,28.88272,2009,8
2009-09-01,28.811615,2009,9
2009-10-01,26.77481,2009,10
2009-11-01,24.35849,2009,11
2009-12-01,19.861847,2009,12
2010-01-01,17.807037,2010,1
2010-02-01,23.336334,2010,2
2010-03-01,29.304413,2010,3
2010-04-01,31.441132,2010,4
2010-05-01,30.981232,2010,5
2010-06-01,30.431793,2010,6
2010-07-01,29.364532,2010,7
2010-08-01,29.358551,2010,8
2010-09-01,28.728241,2010,9
2010-10-01,27.795197,2010,10
2010-11-01,25.547363,2010,11
2010-12-01,19.847015,2010,12
2011-01-01,18.583527,2011,1
2011-02-01,22.769318,2011,2
2011-03-01,27.2359,2011,3
2011-04-01,28.836578,2011,4
2011-05-01,30.336884,2011,5
2011-06-01,29.79541,2011,6
2011-07-01,29.183807,2011,7
2011-08-01,28.348755,2011,8
2011-09-01,28.251007,2011,9
2011-10-01,27.844635,2011,10
2011-11-01,23.862183,2011,11
2011-12-01,19.50113,2011,12
2012-01-01,18.803406,2012,1
2012-02-01,22.23407,2012,2
2012-03-01,27.812408,2012,3
2012-04-01,30.208069,2012,4
2012-05-01,31.563934,2012,5
2012-06-01,31.345734,2012,6
2012-07-01,29.063263,2012,7
2012-08-01,29.042206,2012,8
2012-09-01,28.852325,2012,9
2012-10-01,26.791626,2012,10
2012-11-01,22.879547,2012,11
2012-12-01,18.554596,2012,12
2013-01-01,17.798737,2013,1
2013-02-01,21.798431,2013,2
2013-03-01,27.466461,2013,3
2013-04-01,29.901031,2013,4
2013-05-01,30.326935,2013,5
2013-06-01,29.79776,2013,6
2013-07-01,29.248169,2013,7
2013-08-01,28.82965,2013,8
2013-09-01,28.591553,2013,9
2013-10-01,26.69168,2013,10
2013-11-01,23.163666,2013,11
2013-12-01,19.869232,2013,12
2014-01-01,18.031494,2014,1
2014-02-01,21.227386,2014,2
2014-03-01,26.834808,2014,3
2014-04-01,31.492035,2014,4
2014-05-01,31.501617,2014,5
2014-06-01,30.251587,2014,6
2014-07-01,29.150848,2014,7
2014-08-01,29.097992,2014,8
2014-09-01,28.919495,2014,9
2014-10-01,27.317413,2014,10
2014-11-01,23.505096,2014,11
2014-12-01,19.000397,2014,12
2015-01-01,18.690887,2015,1
2015-02-01,23.108429,2015,2
2015-03-01,26.967194,2015,3
2015-04-01,28.63144,2015,4
2015-05-01,31.575531,2015,5
2015-06-01,30.218964,2015,6
2015-07-01,28.62442,2015,7
2015-08-01,29.566437,2015,8
2015-09-01,29.612518,2015,9
2015-10-01,28.089294,2015,10
2015-11-01,25.02884,2015,11
2015-12-01,20.836823,2015,12
2016-01-01,19.29184,2016,1
2016-02-01,24.761475,2016,2
2016-03-01,27.930542,2016,3
2016-04-01,32.09836,2016,4
2016-05-01,30.43283,2016,5
2016-06-01,30.339447,2016,6
2016-07-01,29.031555,2016,7
2016-08-01,29.073456,2016,8
2016-09-01,28.98227,2016,9
2016-10-01,27.98056,2016,10
2016-11-01,23.423492,2016,11
2016-12-01,20.452301,2016,12
2017-01-01,19.315704,2017,1
2017-02-01,23.440826,2017,2
2017-03-01,26.40506,2017,3
2017-04-01,30.01416,2017,4
2017-05-01,31.27414,2017,5
2017-06-01,30.569733,2017,6
2017-07-01,28.877289,2017,7
2017-08-01,29.423035,2017,8
2017-09-01,29.648651,2017,9
2017-10-01,27.86679,2017,10
2017-11-01,23.370728,2017,11
2017-12-01,20.241669,2017,12
2018-01-01,17.60498,2018,1
2018-02-01,23.942352,2018,2
2018-03-01,28.077362,2018,3
2018-04-01,29.03897,2018,4
2018-05-01,29.724945,2018,5
2018-06-01,30.257782,2018,6
2018-07-01,29.304962,2018,7
2018-08-01,29.368713,2018,8
2018-09-01,29.401093,2018,9
2018-10-01,27.550018,2018,10
2018-11-01,24.305115,2018,11
2018-12-01,19.348175,2018,12
2019-01-01,19.072174,2019,1
2019-02-01,22.949951,2019,2
2019-03-01,26.31311,2019,3
2019-04-01,29.666016,2019,4
2019-05-01,31.252777,2019,5
2019-06-01,30.986847,2019,6
2019-07-01,30.041656,2019,7
2019-08-01,29.317657,2019,8
2019-09-01,28.731232,2019,9
2019-10-01,27.406464,2019,10
2019-11-01,24.1846,2019,11
2019-12-01,19.390594,2019,12
2020-01-01,18.406525,2020,1
2020-02-01,21.02591,2020,2
2020-03-01,26.452026,2020,3
2020-04-01,28.856903,2020,4
2020-05-01,29.332458,2020,5
2020-06-01,29.819702,2020,6
2020-07-01,30.025055,2020,7
2020-08-01,29.481964,2020,8
2020-09-01,29.729431,2020,9
2020-10-01,28.5737,2020,10
2020-11-01,24.303497,2020,11
2020-12-01,19.63736,2020,12
2021-01-01,19.655975,2021,1
2021-02-01,22.33255,2021,2
2021-03-01,28.467926,2021,3
2021-04-01,30.226776,2021,4
2021-05-01,30.16867,2021,5
2021-06-01,29.473175,2021,6
2021-07-01,29.53601,2021,7
2021-08-01,29.396027,2021,8
2021-09-01,28.548004,2021,9
2021-10-01,28.340729,2021,10
2021-11-01,23.79013,2021,11
2021-12-01,19.8096,2021,12
2022-01-01,18.497253,2022,1
2022-02-01,20.999023,2022,2
2022-03-01,27.512604,2022,3
2022-04-01,30.497192,2022,4
2022-05-01,30.155182,2022,5
2022-06-01,30.471924,2022,6
2022-07-01,29.69632,2022,7
2022-08-01,29.292389,2022,8
2022-09-01,29.223236,2022,9
2022-10-01,27.517303,2022,10
2022-11-01,23.47525,2022,11
2022-12-01,20.505371,2022,12
2023-01-01,19.641998,2023,1
2023-02-01,23.677185,2023,2
2023-03-01,26.625824,2023,3
2023-04-01,30.163757,2023,4
2023-05-01,30.663208,2023,5
2023-06-01,31.368378,2023,6
2023-07-01,30.07309,2023,7
2023-08-01,29.472198,2023,8
2023-09-01,29.243134,2023,9
2023-10-01,28.197632,2023,10
2023-11-01,24.921783,2023,11
2023-12-01,20.550201,2023,12
2024-01-01,17.925018,2024,1
2024-02-01,22.631378,2024,2
2024-03-01,26.590668,2024,3
2024-04-01,31.79184,2024,4
2024-05-01,30.522552,2024,5
2024-06-01,31.411377,2024,6
2024-07-01,29.941803,2024,7
2024-08-01,29.118683,2024,8
2024-09-01,29.546844,2024,9
2024-10-01,28.700287,2024,10
2024-11-01,24.644379,2024,11
2024-12-01,20.29776,2024,12
2025-01-01,19.393616,2025,1
2025-02-01,23.70108,2025,2
2025-03-01,27.697144,2025,3
2025-04-01,29.41513,2025,4
2025-05-01,30.079498,2025,5
2025-06-01,29.87082,2025,6
2025-07-01,28.983795,2025,7
2025-08-01,29.072357,2025,8
2025-09-01,29.4664,2025,9
2025-10-01,28.1922,2025,10
2025-11-01,23.185455,2025,11
2025-12-01,18.833344,2025,12
2026-01-01,18.175323,2026,1
2026-02-01,22.161835,2026,2
2026-03-01,26.897614,2026,3
2026-04-01,29.366089,2026,4
2026-05-01,29.780975,2026,5
2026-06-01,30.365997,2026,6
2026-07-01,28.787964,2026,7
